operation, data structure, listSize, seed, iteration, run count, total time, avg time
DE,array,50,123,0,4,0.396235,0.09905875
EN,linkedlist,50,123,0,4,0.4221054,0.10552635
PT,array,50,123,0,4,0.3783875,0.094596875
PT,linkedlist,50,123,0,4,0.3756107,0.093902675
DE,tree,50,123,0,4,0.3815013,0.095375325
EN,array,50,123,0,4,0.3735967,0.093399175
DE,linkedlist,50,123,0,4,0.4000784,0.1000196
EN,tree,50,123,0,4,0.3924878,0.09812195
PT,tree,50,123,0,4,0.385992,0.096498
